Tenor,OIS_spot,DF_0_T,DF_T1_T2,hazard_rate,PD,P_cum,CDS
0,0.00461370334164146,1,,,0,1,
0.5,0.00423546874112993,0.997884506446769,0.997884506446769,0.0189763557446167,0.00944330713861186,0.990556692861388,114.4
1,0.00425980924779138,0.995749250870265,0.997860217727894,0.0221929402336692,0.0125051815029313,0.978051511358457,133.77
1.5,0.00459503479574628,0.993131146963765,0.997370719682478,0.0277793991325551,0.0188643870260948,0.959187124332362,167.18
2,0.00501875772170487,0.990012692287351,0.996859976966841,0.0334149409885171,0.0238328159037386,0.935354308428623,200.59
2.5,0.0054450723791059,0.986479552603896,0.996431217790459,0.0391137656438753,0.0285099228927865,0.906844385535837,233.965
3,0.00585741857005812,0.982581235995027,0.996048254017452,0.0449032415118663,0.0328748187426369,0.8739695667932,267.34
3.5,0.00626315731243804,0.97831746958592,0.995660647432586,0.0500495131908997,0.034658008104643,0.839311558688557,296.545
4,0.00667316553839608,0.973660438246974,0.995239754493072,0.0553120216926149,0.037793749030792,0.801517809657765,325.75
4.5,0.00709477279080086,0.96857779166534,0.99477985714323,0.0603749765608016,0.039425351524787,0.762092458132978,353.2
5,0.00753122017864209,0.963044073946584,0.994286759652789,0.0655909750033266,0.0416969313249583,0.72039552680802,380.65
