Tenor,CDS,DF,Lambda,PD,P
0,0,1,,0,1
0.5,114.4,0.995834793314,0.0189763557446167,0.00944330713861186,0.990556692861388
1,133.77,0.990963005494,0.0221974217126634,0.0125095646104133,0.978047128250975
1.5,167.18,0.985696663019,0.0277978433438533,0.018886540726517,0.959160587524458
2,200.59,0.980105039536,0.0334517435984325,0.0238751235216405,0.935285464002817
2.5,233.965,0.974101111621,0.0391744254269606,0.0285785904992013,0.906706873503616
3,267.34,0.96783236118,0.0449937076397471,0.0329744684540837,0.873732405049532
3.5,296.545,0.9612324703,0.0501703894715917,0.0347758562676416,0.838956548781891
4,325.75,0.954239278731,0.0554706806052774,0.037947249524284,0.801009299257607
4.5,353.2,0.946898890104,0.0605756555016802,0.0396047420546861,0.761404557202921
5,380.65,0.939187227945,0.0658424029886774,0.041914099356345,0.719490457846576
